username,platform,post link,posted date,comments,likes
hablaconlingopanda,instagram,https://www.instagram.com/hablaconlingopanda/reel/DTG2UTPAHV_/,2026-01-04T23:21:52.000Z,3,15
hablaconlingopanda,instagram,https://www.instagram.com/hablaconlingopanda/reel/DS14hofgFo1/,2025-12-29T09:13:42.000Z,4,24
hablaconlingopanda,instagram,https://www.instagram.com/hablaconlingopanda/reel/DRModBTgLGD/,2025-11-18T12:12:57.000Z,10,104
hablaconlingopanda,instagram,https://www.instagram.com/hablaconlingopanda/reel/DRFDSSEgHXM/,2025-11-15T13:33:28.000Z,10,107
hablaconlingopanda,instagram,https://www.instagram.com/hablaconlingopanda/reel/DQnRO9gAFiu/,2025-11-03T23:58:23.000Z,12,78
hablaconlingopanda,instagram,https://www.instagram.com/hablaconlingopanda/reel/DQkhoX1ktcu/,2025-11-02T22:24:18.000Z,12,153
hablaconlingopanda,instagram,https://www.instagram.com/hablaconlingopanda/reel/DQfbJv7ALKo/,2025-10-31T22:50:52.000Z,12,60
hablaconlingopanda,instagram,https://www.instagram.com/hablaconlingopanda/reel/DQc9suVgB1v/,2025-10-30T23:55:30.000Z,12,59
hablaconlingopanda,instagram,https://www.instagram.com/hablaconlingopanda/reel/DQZsQKTgL2Q/,2026-01-30T10:15:33.308Z,0,0
hablaconlingopanda,instagram,https://www.instagram.com/hablaconlingopanda/reel/DQXKwZukR5g/,2025-10-28T17:54:08.000Z,10,23
